strategy,meanSpeed,meanDensityArea1,maxDensityArea1,meanDensityArea2,maxDensityArea2,meanDensityArea3,maxDensityArea3,meanDensityArea4,maxDensityArea4
zero,7.781154405787792,0.019853373935920657,0.1073660516297766,0.002331516210538119,0.01994251336236695,0.23609802543496616,1.2533274719578709,0.12108582550063564,0.9281555799566267
guidance100,7.039909696499618,0.023051895130686284,0.12903308441185765,0.0025720212796380604,0.02290190770124521,0.25820600314621966,1.3207217921986647,0.032766883848856614,0.25923343107643865
objects,4.943700649730886,0.013951015270656772,0.0775195402864118,0.006632256636321181,0.05671938765529658,0.0,0.0,1.9654654423881914e-08,2.0009090841182328e-06
regulators,6.785690071678408,0.017171987202034097,0.08936053296885584,0.012296888262368104,0.09873595334508957,0.0,0.0,0.0,0.0
