,hypervolume,epsilon_progress,nfe
0,0.0,0,0
1,0.010271710032340918,18,100
2,0.010271710032340918,18,1100
3,0.010299347074517556,20,2100
4,0.010672964548648384,23,3100
5,0.010690891600566028,24,4100
6,0.010690891600566028,24,5100
7,0.010690891600566028,24,6100
8,0.010690891600566028,24,7100
9,0.010692984096993579,25,8100
10,0.01069205266727531,26,9100
