,meanSpeed,meanDensityArea1,maxDensityArea1,meanDensityArea2,maxDensityArea2,meanDensityArea3,maxDensityArea3,meanDensityArea4,maxDensityArea4
7,0.6171160446893783,0.1213836133828301,0.3627233791168234,0.034936675878308,0.1184433164128597,0.2101467590942907,0.3953975495681567,0.1761882438252707,0.4491053442351069
132,0.8859920365884667,0.0381625175564175,0.1405996160094527,0.0182054033261649,0.0820783202924158,0.2773446113968812,0.5314051246736039,0.0779864308614589,0.2231702018406643
392,0.6227836348102096,0.026022626375314,0.1119480135873583,0.0178225315637357,0.0678688616540932,0.2723946828393259,0.5400131990473664,0.1364829421107709,0.3400876881147114
585,0.5048575504841799,0.0276783870278744,0.1054497120070895,0.0193633296971689,0.0803956212431408,0.3314988875235581,0.8754411638116444,0.1507042100586895,0.4589801319271717
734,0.5091654538485668,0.0277078070821132,0.1069265987298779,0.0143379515936124,0.060109749371325,0.2170343617638682,0.525666408424429,0.1261989998689153,0.3602322550065237
832,0.9539057461919876,0.2670328875018327,0.5322699748929283,0.0556784184088915,0.1627543913771025,0.2469499923464699,0.5523514389830928,0.1278891228938201,0.3637871785756669
864,0.8829741219857077,0.0961200244068774,0.3021710234825003,0.0339657160683345,0.1263893952566585,0.1998113539929379,0.3965452928179917,0.1778106989823255,0.4277758028202468
