,groupForming,meanFreeFlowSpeed,obstPotentialHeight,pedPotentialHeight,sdFreeFlowSpeed,spawnFrequencyA,spawnFrequencyB,spawnFrequencyC,spawnFrequencyD,scenario,policy,model
7,"[[0.21, 0.67, 0.075, 0.03, 0.015], [0.21, 0.67, 0.075, 0.03, 0.015], [0.21, 0.67, 0.075, 0.03, 0.015], [0.21, 0.67, 0.075, 0.03, 0.015]]",0.8718334448133779,9.530924702508951,11.82405129281966,0.2172216677471488,3.0,2.0,5.0,5.0,7,None,model
132,"[[0.46, 0.42, 0.075, 0.03, 0.015], [0.46, 0.42, 0.075, 0.03, 0.015], [0.46, 0.42, 0.075, 0.03, 0.015], [0.46, 0.42, 0.075, 0.03, 0.015]]",1.1193414880618089,2.736202903290759,45.91162759185503,0.1804017629367866,5.0,4.0,4.0,5.0,132,None,model
392,"[[0.38, 0.5, 0.075, 0.03, 0.015], [0.38, 0.5, 0.075, 0.03, 0.015], [0.38, 0.5, 0.075, 0.03, 0.015], [0.38, 0.5, 0.075, 0.03, 0.015]]",0.80785812472403,3.4660552947379872,43.85192955718388,0.2164403232860359,5.0,5.0,5.0,4.0,392,None,model
585,"[[0.34, 0.54, 0.075, 0.03, 0.015], [0.34, 0.54, 0.075, 0.03, 0.015], [0.34, 0.54, 0.075, 0.03, 0.015], [0.34, 0.54, 0.075, 0.03, 0.015]]",0.6959654660502005,9.372579742040482,18.3115249190787,0.1717157815205449,5.0,5.0,4.0,3.0,585,None,model
734,"[[0.4, 0.48, 0.075, 0.03, 0.015], [0.4, 0.48, 0.075, 0.03, 0.015], [0.4, 0.48, 0.075, 0.03, 0.015], [0.4, 0.48, 0.075, 0.03, 0.015]]",0.7073631094073506,9.90640148366576,48.84709502720563,0.2570991860434609,5.0,5.0,5.0,4.0,734,None,model
832,"[[0.25, 0.63, 0.075, 0.03, 0.015], [0.25, 0.63, 0.075, 0.03, 0.015], [0.25, 0.63, 0.075, 0.03, 0.015], [0.25, 0.63, 0.075, 0.03, 0.015]]",1.1493159822351244,3.3568498967267635,14.298742523750846,0.1630524681983595,4.0,1.0,5.0,4.0,832,None,model
864,"[[0.17, 0.71, 0.075, 0.03, 0.015], [0.17, 0.71, 0.075, 0.03, 0.015], [0.17, 0.71, 0.075, 0.03, 0.015], [0.17, 0.71, 0.075, 0.03, 0.015]]",1.130487218193355,2.2133176958913787,42.965780916052005,0.2089246320001576,3.0,2.0,5.0,5.0,864,None,model
